{"options":{"check_for_updates":true,"user_modified":1759310396014,"comment":null,"compatopts_for_requires":true,"compat_wrappedjsobject":false,"compat_metadata":false,"compat_foreach":false,"compat_powerful_this":null,"sandbox":null,"noframes":null,"unwrap":null,"run_at":null,"run_in":null,"tags":[],"override":{"use_includes":[],"orig_includes":[],"merge_includes":true,"use_matches":[],"orig_matches":["https://room.rakuten.co.jp/search/item*","https://room.rakuten.co.jp/item*"],"merge_matches":true,"use_excludes":[],"orig_excludes":[],"merge_excludes":true,"use_connects":[],"orig_connects":[],"merge_connects":true,"use_blockers":[],"orig_run_at":"document-idle","orig_run_in":[],"orig_noframes":null,"orig_tags":[]}},"settings":{"enabled":true,"position":4},"meta":{"name":"いいね！済みボタンを非表示","uuid":"5c1247fc-81f8-4cce-817d-a9a95d9830dc","modified":1759310396013}}