{"ts":1760513396450,"data":{"records":"o[{\"id\": 1759273356660,\"index\": 1,\"timestamp\": \"2025-09-30T23:02:36.660Z\",\"page_url\": \"https://item.rakuten.co.jp/backyard/mo3019/\",\"image_url\": \"https://tshop.r10s.jp/backyard/cabinet/main14/mo3019.jpg?downsize=120:*\",\"post_url\": \"https://room.rakuten.co.jp/mix?itemcode=backyard%3A10337715&scid=we_room_upc60\",\"ai_caption\": \"\",\"status\": \"未投稿\",\"item_description\": \"MOTTERU モッテル タンブラー サーモ 通販 310ml マグ マグカップ コップ カップ くるっと ハンドル 保温 保冷 保冷保温 持ち運びしやすい 蓋 スライド 洗いやすい ステンレス 2重構造。MOTTERU モッテル タンブラー サーモ 通販 310ml マグ マグカップ コップ カップ くるっと ハンドル 保温 保冷 保冷保温 持ち運びしやすい 蓋 スライド 洗いやすい ステンレス 2重構造 蓋取り外し 左利き 右利き くすみカラー｜BACKYARD FAMILY ママタウン\"},{\"id\": 1759273358384,\"index\": 2,\"timestamp\": \"2025-09-30T23:02:38.384Z\",\"page_url\": \"https://item.rakuten.co.jp/moccasin/mo3019/\",\"image_url\": \"https://tshop.r10s.jp/moccasin/cabinet/main14/mo3019.jpg?downsize=120:*\",\"post_url\": \"https://room.rakuten.co.jp/mix?itemcode=moccasin%3A10354360&scid=we_room_upc60\",\"ai_caption\": \"\",\"status\": \"未投稿\",\"item_description\": \"MOTTERU モッテル タンブラー サーモ 楽天 コップ マグ マグカップ 310ml カップ くるっと ハンドル 保温 保冷 保冷保温 持ち運びしやすい 蓋 スライド 洗いやすい ステンレス 2重構造。MOTTERU モッテル タンブラー サーモ 楽天 コップ マグ マグカップ 310ml カップ くるっと ハンドル 保温 保冷 保冷保温 持ち運びしやすい 蓋 スライド 洗いやすい ステンレス 2重構造 蓋取り外し 左利き 右利き くすみカラー｜BACKYARD FAMILY インテリアタウン\"},{\"id\": 1759273363075,\"index\": 3,\"timestamp\": \"2025-09-30T23:02:43.075Z\",\"page_url\": \"https://item.rakuten.co.jp/ra-beans/slimjug2x2/\",\"image_url\": \"https://tshop.r10s.jp/ra-beans/cabinet/d18/gfj.jpg?downsize=600:*\",\"post_url\": \"https://room.rakuten.co.jp/mix?itemcode=ra-beans%3A10027038&scid=we_room_upc60\",\"ai_caption\": \"\",\"status\": \"未投稿\",\"item_description\": \"耐熱 横置き 日本製 おしゃれ 冷蔵庫 ポケット 卓上。麦茶ポット タケヤ スリムジャグ2 1.1L カラーが選べる2本セット ｜ お茶ポット 耐熱 横置き 洗いやすい 冷蔵庫 ポケット 日本製 広口 持ちやすい おしゃれ 倒して 寝かせて 置ける ピッチャー 冷水筒｜オンラインショップ　びーんず\"},{\"id\": 1759273364745,\"index\": 4,\"timestamp\": \"2025-09-30T23:02:44.745Z\",\"page_url\": \"https://item.rakuten.co.jp/livingut/4904776139550set/\",\"image_url\": \"https://tshop.r10s.jp/livingut/cabinet/maker_kuras4/4904776140501set.jpg?downsize=240:*\",\"post_url\": \"https://room.rakuten.co.jp/mix?itemcode=livingut%3A10069986&scid=we_room_upc60\",\"ai_caption\": \"\",\"status\": \"未投稿\",\"item_description\": \"冷蔵庫のポケットにぴったり入る！横置きも可能なスリムジャグ。冷水筒 スリムジャグ 1.1L 横置き 縦置き 耐熱 日本製 同色2本セット （ 麦茶ポット ピッチャー 水差し 熱湯 白 麦茶 冷水ポット 約 1リットル プラスチック モノトーン ）｜リビングート　楽天市場店\"},{\"id\": 1759273366101,\"index\": 5,\"timestamp\": \"2025-09-30T23:02:46.101Z\",\"page_url\": \"https://item.rakuten.co.jp/ezehome/42921/?variantId=64510\",\"image_url\": \"https://tshop.r10s.jp/ezehome/cabinet/imagebox68/42921-1.jpg?downsize=320:*\",\"post_url\": \"https://room.rakuten.co.jp/mix?itemcode=ezehome%3A10013361&scid=we_room_upc60\",\"ai_caption\": \"\",\"status\": \"未投稿\",\"item_description\": \"パステルカラーが可愛い♪保冷ワンハンドルトート。パステルカラーが可愛いシンプルなお弁当バッグ。通学や通勤、ピクニックにもぴったり♪大きい持ち手があるので持ちやすい！。【10月1日はポイント最大10倍祭♪】ランチバッグ 保冷 サブヒロモリ はるひらり 保冷ワンハンドルトート ランチバッグ おしゃれ 弁当 大人 保温 ランチトート 手提げ くすみカラー かわいい お弁当 ミニ 女子 パステルカラー 弁当袋 お弁当袋 おしゃれ｜庭と雑貨のある家　Eze（エズ）\"},{\"id\": 1759273367305,\"index\": 6,\"timestamp\": \"2025-09-30T23:02:47.305Z\",\"page_url\": \"https://item.rakuten.co.jp/kaedesou/42921/?variantId=62815\",\"image_url\": \"https://tshop.r10s.jp/kaedesou/cabinet/imagebox68/42921-1.jpg?downsize=320:*\",\"post_url\": \"https://room.rakuten.co.jp/mix?itemcode=kaedesou%3A10014687&scid=we_room_upc60\",\"ai_caption\": \"\",\"status\": \"未投稿\",\"item_description\": \"保冷・保温効果あり♪保冷ワンハンドルトート。パステルカラーが可愛いシンプルなお弁当バッグ。通学や通勤、ピクニックにもぴったり♪大きい持ち手があるので持ちやすい！。【10/1はポイント最大10倍祭♪】ランチバッグ 保冷 サブヒロモリ はるひらり 保冷ワンハンドルトート ランチバッグ おしゃれ お弁当袋 弁当 ランチトート 女子 手提げ お弁当 パステルカラー ミニ かわいい 弁当袋 保温 大人 おしゃれ くすみカラー｜楓奏（ナチュラル雑貨かえでそう）\"},{\"id\": 1759273368892,\"index\": 7,\"timestamp\": \"2025-09-30T23:02:48.892Z\",\"page_url\": \"https://item.rakuten.co.jp/carro/42921/?variantId=72399\",\"image_url\": \"https://tshop.r10s.jp/carro/cabinet/imagebox68/42921-1.jpg?downsize=320:*\",\"post_url\": \"https://room.rakuten.co.jp/mix?itemcode=carro%3A10017060&scid=we_room_upc60\",\"ai_caption\": \"\",\"status\": \"未投稿\",\"item_description\": \"保冷・保温を補助する♪保冷ワンハンドルトート。パステルカラーが可愛いシンプルなお弁当バッグ。通学や通勤、ピクニックにもぴったり♪大きい持ち手があるので持ちやすい！。【10月1日はポイント最大10倍祭！】ランチバッグ 保冷 サブヒロモリ はるひらり 保冷ワンハンドルトート ランチバッグ おしゃれ 保温 大人 お弁当袋 ミニ 女子 お弁当 ランチトート かわいい 弁当袋 パステルカラー おしゃれ 弁当 手提げ くすみカラー｜carro（デザイン雑貨カロ）\"},{\"id\": 1759273370149,\"index\": 8,\"timestamp\": \"2025-09-30T23:02:50.149Z\",\"page_url\": \"https://item.rakuten.co.jp/leilo/42921/?variantId=61878\",\"image_url\": \"https://tshop.r10s.jp/leilo/cabinet/imagebox68/42921-1.jpg?downsize=320:*\",\"post_url\": \"https://room.rakuten.co.jp/mix?itemcode=leilo%3A10013160&scid=we_room_upc60\",\"ai_caption\": \"\",\"status\": \"未投稿\",\"item_description\": \"パステルカラーがかわいい♪保冷ワンハンドルトート。パステルカラーが可愛いシンプルなお弁当バッグ。通学や通勤、ピクニックにもぴったり♪大きい持ち手があるので持ちやすい！。【10月1日はポイント最大10倍祭！】ランチバッグ 保冷 サブヒロモリ はるひらり 保冷ワンハンドルトート ランチバッグ おしゃれ 女子 ランチトート くすみカラー かわいい ミニ お弁当 大人 おしゃれ パステルカラー 弁当 お弁当袋 弁当袋 手提げ 保温｜デザイン文具・Leilo（レイロ）\"},{\"id\": 1759273371537,\"index\": 9,\"timestamp\": \"2025-09-30T23:02:51.537Z\",\"page_url\": \"https://item.rakuten.co.jp/ezehome/0050147/\",\"image_url\": \"https://tshop.r10s.jp/ezehome/cabinet/imagebox73/0050147-1.jpg?downsize=320:*\",\"post_url\": \"https://room.rakuten.co.jp/mix?itemcode=ezehome%3A10014100&scid=we_room_upc60\",\"ai_caption\": \"\",\"status\": \"未投稿\",\"item_description\": \"さわやかなカラーで涼しげな印象の保冷ボトルホルダー ドリンクホルダー。ペットボトルホルダー サブヒロモリ モアソン 保冷ボトルホルダー ペットボトル ホルダー くすみカラー 子供 ボトルケース ハンドル付き ボトルカバー ホルダー キッズ 持ち運び ボトル｜庭と雑貨のある家　Eze（エズ）\"},{\"id\": 1759273372940,\"index\": 10,\"timestamp\": \"2025-09-30T23:02:52.940Z\",\"page_url\": \"https://item.rakuten.co.jp/kaedesou/0050147/\",\"image_url\": \"https://tshop.r10s.jp/kaedesou/cabinet/imagebox73/0050147-1.jpg?downsize=320:*\",\"post_url\": \"https://room.rakuten.co.jp/mix?itemcode=kaedesou%3A10015424&scid=we_room_upc60\",\"ai_caption\": \"\",\"status\": \"未投稿\",\"item_description\": \"さわやかなカラーで涼しげな印象の保冷ボトルホルダー 部活。【10/1はポイント最大10倍祭♪】ペットボトルホルダー サブヒロモリ モアソン 保冷ボトルホルダー ペットボトル ホルダー ボトルケース くすみカラー 子供 持ち運び ボトル ホルダー ボトルカバー ハンドル付き キッズ｜楓奏（ナチュラル雑貨かえでそう）\"},{\"id\": 1759273374155,\"index\": 11,\"timestamp\": \"2025-09-30T23:02:54.155Z\",\"page_url\": \"https://item.rakuten.co.jp/pl-kitchen/0050690/\",\"image_url\": \"https://tshop.r10s.jp/pl-kitchen/cabinet/imagebox76/0050690-1.jpg?downsize=320:*\",\"post_url\": \"https://room.rakuten.co.jp/mix?itemcode=pl-kitchen%3A10002956&scid=we_room_upc60\",\"ai_caption\": \"\",\"status\": \"未投稿\",\"item_description\": \"カフェランチのような可愛さ♪食器にもなるどんぶりランチ かわいい。【10月1日はポイント最大10倍祭】お弁当箱 おしゃれ サブヒロモリ コペルト 食器にもなるどんぶりランチ お弁当箱 女子 弁当箱 女子 大人 ランチボックス くすみカラー 深い のっけ丼 丼ぶり 630ml 1段 男子 保存容器 木目調 サラダボウル バックル ドーム型フタ パスタ｜pleasant kitchen（プレザント）\"},{\"id\": 1759273375283,\"index\": 12,\"timestamp\": \"2025-09-30T23:02:55.283Z\",\"page_url\": \"https://item.rakuten.co.jp/kaedesou/0050690/\",\"image_url\": \"https://tshop.r10s.jp/kaedesou/cabinet/imagebox76/0050690-1.jpg?downsize=320:*\",\"post_url\": \"https://room.rakuten.co.jp/mix?itemcode=kaedesou%3A10015902&scid=we_room_upc60\",\"ai_caption\": \"\",\"status\": \"未投稿\",\"item_description\": \"カフェランチのような可愛さ♪食器にもなるどんぶりランチ 男の子。【10/1はポイント最大10倍祭♪】お弁当箱 おしゃれ サブヒロモリ コペルト 食器にもなるどんぶりランチ お弁当箱 女子 弁当箱 女子 大人 ランチボックス 木目調 男子 保存容器 バックル ドーム型フタ 630ml のっけ丼 くすみカラー 丼ぶり 深い パスタ サラダボウル 1段｜楓奏（ナチュラル雑貨かえでそう）\"},{\"id\": 1759273376715,\"index\": 13,\"timestamp\": \"2025-09-30T23:02:56.715Z\",\"page_url\": \"https://item.rakuten.co.jp/leilo/0050690/\",\"image_url\": \"https://tshop.r10s.jp/leilo/cabinet/imagebox76/0050690-1.jpg?downsize=320:*\",\"post_url\": \"https://room.rakuten.co.jp/mix?itemcode=leilo%3A10014374&scid=we_room_upc60\",\"ai_caption\": \"\",\"status\": \"未投稿\",\"item_description\": \"カフェランチのような可愛さ♪食器にもなるどんぶりランチ 高校生。【10月1日はポイント最大10倍祭！】お弁当箱 おしゃれ サブヒロモリ コペルト 食器にもなるどんぶりランチ お弁当箱 女子 弁当箱 女子 大人 ランチボックス のっけ丼 1段 木目調 サラダボウル 保存容器 男子 パスタ くすみカラー バックル ドーム型フタ 丼ぶり 630ml 深い｜デザイン文具・Leilo（レイロ）\"},{\"id\": 1759273378219,\"index\": 14,\"timestamp\": \"2025-09-30T23:02:58.219Z\",\"page_url\": \"https://item.rakuten.co.jp/favras/fn01155/?variantId=fn01155a\",\"image_url\": \"https://tshop.r10s.jp/favras/cabinet/fn10/fn01155_pc.jpg?downsize=260:*\",\"post_url\": \"https://room.rakuten.co.jp/mix?itemcode=favras%3A10001640&scid=we_room_upc60\",\"ai_caption\": \"\",\"status\": \"未投稿\",\"item_description\": \"マグカップ 大きい おしゃれ コーヒーカップ 食洗機対応 プレゼント ギフト 北欧 誕生日 女性 男性 母の日 カップ コーヒー 珈琲 おすすめ 人気 贈り物 電子レンジ対応 大 カップ。CDF etendue ペール マグ(マグカップ 大きい おしゃれ コーヒーカップ 大きめ 大容量 大人可愛い 食洗機対応 レンジ対応 食洗機 ブランド コップ プレゼント ギフト 北欧 食器)｜FAVRAS／ファブラス　雑貨＆ギフト\"},{\"id\": 1759273380222,\"index\": 15,\"timestamp\": \"2025-09-30T23:03:00.223Z\",\"page_url\": \"https://item.rakuten.co.jp/r-e-zakkaya/070742454/\",\"image_url\": \"https://tshop.r10s.jp/r-e-zakkaya/cabinet/main070/070742454-r1.jpg?downsize=200:*\",\"post_url\": \"https://room.rakuten.co.jp/mix?itemcode=r-e-zakkaya%3A10569316&scid=we_room_upc60\",\"ai_caption\": \"\",\"status\": \"未投稿\",\"item_description\": \"475ml。人気のやさしい彩りシリーズの曲げわっぱ風弁当箱。曲げわっぱに詰めれ簡単に褒められ弁当箱に早変わり。インスタ映えする弁当箱。 BPAフリー。曲げわっぱ 弁当箱 レンジ対応 弁当箱 一段 475ml 中フタ バンド付き わっぱ弁当 やさしい彩り 抗菌 食洗機対応 和モダン 日本製 木目 ナチュラル くすみカラー レディース 女性 抗菌小判弁当 女子 大人 通勤 通学 おしゃれ かわいい インスタ映え 丸形 BPAフリー｜ココチのくらし雑貨店\"},{\"id\": 1759273381342,\"index\": 16,\"timestamp\": \"2025-09-30T23:03:01.342Z\",\"page_url\": \"https://item.rakuten.co.jp/livingut/377500/\",\"image_url\": \"https://tshop.r10s.jp/livingut/cabinet/maker_maruri8/377500.jpg?downsize=240:*\",\"post_url\": \"https://room.rakuten.co.jp/mix?itemcode=livingut%3A10169135&scid=we_room_upc60\",\"ai_caption\": \"\",\"status\": \"未投稿\",\"item_description\": \"鍋まわりを華やかにコーディネート。とんすい 460ml 鍋ボウル 硬質陶器 （ 食洗機対応 電子レンジ対応 ボウル 呑水 鍋 取り皿 小鉢 鍋の取り皿 鉢 深皿 取り鉢 サラダボウル 陶器製 鍋グッズ おしゃれ かわいい くすみカラー ）｜リビングート　楽天市場店\"},{\"id\": 1759273383674,\"index\": 17,\"timestamp\": \"2025-09-30T23:03:03.674Z\",\"page_url\": \"https://item.rakuten.co.jp/oskstyle/137372/\",\"image_url\": \"https://tshop.r10s.jp/oskstyle/cabinet/ladies/ansio/kb-8_main2.jpg?downsize=200:*\",\"post_url\": \"https://room.rakuten.co.jp/mix?itemcode=oskstyle%3A10006373&scid=we_room_upc60\",\"ai_caption\": \"\",\"status\": \"未投稿\",\"item_description\": \"★ゆうパケットМ対応品！★ 洗濯機OK。シワになりにくい巾着袋。ansio 巾着弁当袋｜洗える ゆったりサイズ お弁当 ランチ 持ち運び シンプルおしゃれ かわいい 女性向け 大人 くすみカラー 巾着袋 日本製 洗濯できる お揃い｜アンシオ kinchaku KB-8 ▽｜オーエスケー Style\"},{\"id\": 1759273386471,\"index\": 18,\"timestamp\": \"2025-09-30T23:03:06.471Z\",\"page_url\": \"https://item.rakuten.co.jp/pease/h-0650/\",\"image_url\": \"https://tshop.r10s.jp/gold/pease/interior/hashi/h-0650-13.jpg?_ex=280x280&s=0&r=1\",\"post_url\": \"https://room.rakuten.co.jp/mix?itemcode=pease%3A10005114&scid=we_room_upc60\",\"ai_caption\": \"\",\"status\": \"未投稿\",\"item_description\": \"箸 食洗機対応 4膳セット 23cm 抗菌加工 日本製 お箸 木製 おしゃれ かわいい 来客用 お箸セット。【１日 24時間限定 クーポン１０%OFF】【最強配送】箸 食洗機対応 4膳セット 23cm 抗菌加工 日本製 お箸 木製 おしゃれ かわいい 北欧 来客用 お箸セット　 ジャパンディ｜PEASE\"},{\"id\": 1759273388508,\"index\": 19,\"timestamp\": \"2025-09-30T23:03:08.508Z\",\"page_url\": \"https://item.rakuten.co.jp/casmin/57918-9-stsc5/\",\"image_url\": \"https://tshop.r10s.jp/casmin/cabinet/cross15/stsc5_57918.jpg?downsize=462:*\",\"post_url\": \"https://room.rakuten.co.jp/mix?itemcode=casmin%3A10071079&scid=we_room_upc60\",\"ai_caption\": \"\",\"status\": \"未投稿\",\"item_description\": \"3,850円以上送料無料。[9月11日～1日まで P5倍]スケーター スクリュー ハンドル付き マグボトル 500ml 保温 保冷 くすみグリーン 緑 skater bottle  STSC5 【 水筒 マイボトル ダイレクト 直飲み 持ち手 ステンレス 大人 男性 女性 メンズ レディース 子供 キッズ 男子 女子 おしゃれ】｜スケーター公式ショップ\"},{\"id\": 1759273390030,\"index\": 20,\"timestamp\": \"2025-09-30T23:03:10.030Z\",\"page_url\": \"https://item.rakuten.co.jp/manmos-house/ricebowl-shinogi-bl-gy/\",\"image_url\": \"https://tshop.r10s.jp/manmos-house/cabinet/07212626/11156110/minonosato-s-01.jpg?_ex=200x200&s=0&r=1\",\"post_url\": \"https://room.rakuten.co.jp/mix?itemcode=manmos-house%3A10000534&scid=we_room_upc60\",\"ai_caption\": \"\",\"status\": \"未投稿\",\"item_description\": \"ギフト 贈り物 プレゼント 母の日 父の日 敬老の日 誕生日 クリスマス 磁器婚式 結婚記念日 ペア 夫婦茶碗。しのぎ 茶碗 おしゃれ 美濃焼 おちゃわん 飯碗 かわいい 鎬 日本製 ごはん茶碗 ご飯 素朴 くすみカラー ブルー グレー 陶器 食器 お洒落 可愛い 送料無料 ポイント消化 大人可愛い｜マンモスビレッジ\"},{\"id\": 1759273391273,\"index\": 21,\"timestamp\": \"2025-09-30T23:03:11.273Z\",\"page_url\": \"https://item.rakuten.co.jp/manmos-house/sugar-ricebowl/?variantId=sugar-ricebowl-supp\",\"image_url\": \"https://tshop.r10s.jp/manmos-house/cabinet/07212626/10514148/imgrc0102366675.jpg?_ex=200x200&s=0&r=1\",\"post_url\": \"https://room.rakuten.co.jp/mix?itemcode=manmos-house%3A10000525&scid=we_room_upc60\",\"ai_caption\": \"\",\"status\": \"未投稿\",\"item_description\": \"プレゼント ギフト 贈り物 ペア 夫婦茶碗 カップル 結婚祝い 結婚記念日 磁器婚式 お祝い 記念日。大人かわいい お茶碗 ごはん茶碗 美濃焼 おちゃわん 飯碗 おしゃれ 日本製 ご飯 素朴 くすみカラー 淡い パープル 紫 グレー 陶器 モダン 和食器 焼き物 お洒落 可愛い カフェご飯 丸い 可愛い 白 ホワイト 大人可愛い 人気 おすすめ お碗 お椀 おわん 汁椀｜マンモスビレッジ\"},{\"id\": 1759273392839,\"index\": 22,\"timestamp\": \"2025-09-30T23:03:12.839Z\",\"page_url\": \"https://item.rakuten.co.jp/alamode/86-0590/\",\"image_url\": \"https://tshop.r10s.jp/alamode/cabinet/yamasoro9/86-0590.jpg?downsize=400:*\",\"post_url\": \"https://room.rakuten.co.jp/mix?itemcode=alamode%3A10024540&scid=we_room_upc60\",\"ai_caption\": \"\",\"status\": \"未投稿\",\"item_description\": \"楽天ランキング入賞! 【着後レビューで選べる特典】ランチタイムにぴったり、保温保冷に優れたステンレス製のスープジャー。500mlの大容量でおかずや麺なども入れられます。。[400円クーポン配布中]【1年保証&当店限定特典付】スープジャー 大容量 500ml おしゃれ 真空断熱 真空二重 保温 保冷 ランチジャー お弁当 18-8ステンレス製 スプーン付き ランチ 大人 BPAフリー 通勤 木目調 シンプル カバ hippo ヒッポ プレゼント｜ヤマソロ 楽天市場店\"},{\"id\": 1759273394252,\"index\": 23,\"timestamp\": \"2025-09-30T23:03:14.252Z\",\"page_url\": \"https://item.rakuten.co.jp/casmin/select-stsc5/\",\"image_url\": \"https://tshop.r10s.jp/casmin/cabinet/cross35/s_217_stsc5_01.jpg?downsize=462:*\",\"post_url\": \"https://room.rakuten.co.jp/mix?itemcode=casmin%3A10072014&scid=we_room_upc60\",\"ai_caption\": \"\",\"status\": \"未投稿\",\"item_description\": \"水筒　500ml　直飲み。[9月11日～1日まで P10倍]スケーター ステンレス スクリュー　マグボトル 水筒 500ml  保温 保冷 保温保冷 直飲み 軽量 洗いやすい  STSC5 レディース【保冷保温 マイボトル 女性 くすみカラー 女子 ハンドル 付き ステンレスボトル ステンレス ボトル】｜スケーター公式ショップ\"},{\"id\": 1759273395779,\"index\": 24,\"timestamp\": \"2025-09-30T23:03:15.780Z\",\"page_url\": \"https://item.rakuten.co.jp/ccstyle/n3600220/\",\"image_url\": \"https://tshop.r10s.jp/ccstyle/cabinet/renew/kids/lmat/n3600220_001.jpg?_ex=400x400&s=0&r=1\",\"post_url\": \"https://room.rakuten.co.jp/mix?itemcode=ccstyle%3A10066812&scid=we_room_upc60\",\"ai_caption\": \"\",\"status\": \"未投稿\",\"item_description\": \"カラフルキャンディスタイル 小学校 小学生。ランチョンマット 40cm×60cm 2枚セット アプリコット くすみカラー くすみ無地 子供用 ナフキン 小学校 幼稚園 給食 ランチクロス テーブル クロス 給食 ランチマット 大判 ラージ 小学生 小学校｜COLORFUL CANDY STYLE\"},{\"id\": 1759273397276,\"index\": 25,\"timestamp\": \"2025-09-30T23:03:17.276Z\",\"page_url\": \"https://item.rakuten.co.jp/interior-palette/288099set/\",\"image_url\": \"https://tshop.r10s.jp/interior-palette/cabinet/maker_maruri7/288099set.jpg?downsize=300:*\",\"post_url\": \"https://room.rakuten.co.jp/mix?itemcode=interior-palette%3A10080913&scid=we_room_upc60\",\"ai_caption\": \"\",\"status\": \"未投稿\",\"item_description\": \"“在る”ことが美しいシンプル・モダン。マグカップ 350ml エッジライン 陶器 食器 同色3個セット （ 食洗機対応 電子レンジ対応 マグ コップ カップ マット くすみカラー 無地 洋食器 おしゃれ ） 【39ショップ】｜インテリアパレット\"},{\"id\": 1759273398745,\"index\": 26,\"timestamp\": \"2025-09-30T23:03:18.745Z\",\"page_url\": \"https://item.rakuten.co.jp/livingut/288103set/\",\"image_url\": \"https://tshop.r10s.jp/livingut/cabinet/maker_maruri7/288103set.jpg?downsize=240:*\",\"post_url\": \"https://room.rakuten.co.jp/mix?itemcode=livingut%3A10106877&scid=we_room_upc60\",\"ai_caption\": \"\",\"status\": \"未投稿\",\"item_description\": \"“在る”ことが美しいシンプル・モダン。スープカップ エッジライン 持ち手付き 陶器 食器 同色3個セット （ 食洗機対応 電子レンジ対応 スープボウル 小鉢 マット くすみカラー 無地 鉢 皿 お碗 ボウル マグ マグカップ シリアル サラダ デザート スープ 洋食器 おしゃれ ）｜リビングート　楽天市場店\"},{\"id\": 1759273400408,\"index\": 27,\"timestamp\": \"2025-09-30T23:03:20.408Z\",\"page_url\": \"https://item.rakuten.co.jp/eto-company/ot_10854897w/?variantId=4\",\"image_url\": \"https://tshop.r10s.jp/eto-company/cabinet/brand/oguratoki/2/imgrc0170202486.jpg?downsize=180:*\",\"post_url\": \"https://room.rakuten.co.jp/mix?itemcode=eto-company%3A10009979&scid=we_room_upc60\",\"ai_caption\": \"\",\"status\": \"未投稿\",\"item_description\": \"【15時までのご注文で当日発送可能(土日祝日除く)】パーティー 皿 大鉢 陶器 マット  グレー ピンク  イエロー ストライプ ナチュラル 盛鉢 ヌードルボウル くすみカラー。【即納】THE VESSEL / ザ・ヴェセル　軽量 ラーメン鉢 麺鉢 丼ぶり【直径17cm】[単品／全5色]　[日本製／美濃焼]  電子レンジ使用可能 食洗機使用可能 軽量食器 北欧 カフェごはん おしゃれ シンプル かわいい ライン どんぶり ホワイト ミント｜Etocelect\"},{\"id\": 1759273401807,\"index\": 28,\"timestamp\": \"2025-09-30T23:03:21.807Z\",\"page_url\": \"https://item.rakuten.co.jp/backyard-1/onetouch140/\",\"image_url\": \"https://tshop.r10s.jp/backyard-1/cabinet/main06/onetouch140.jpg?downsize=120:*\",\"post_url\": \"https://room.rakuten.co.jp/mix?itemcode=backyard-1%3A10016469&scid=we_room_upc60\",\"ai_caption\": \"\",\"status\": \"未投稿\",\"item_description\": \"ミニボトル 水筒 140 好評 おしゃれ マグ ワンタッチ 大人 ミニ サイズ ワンタッチミニボトル 140ml 保冷 保温 ステンレスボトル アースカラー くすみカラー 水分補給 食事 服薬。ミニボトル 水筒 140 好評 おしゃれ マグ ワンタッチ 大人 ミニ サイズ ワンタッチミニボトル 140ml 保冷 保温 ステンレスボトル アースカラー くすみカラー 水分補給 食事 服薬 ロック機能付き マグボトル 大人用水筒｜BACKYARD FAMILY バッグタウン\"},{\"id\": 1759273403292,\"index\": 29,\"timestamp\": \"2025-09-30T23:03:23.292Z\",\"page_url\": \"https://item.rakuten.co.jp/backyard/onetouch140/\",\"image_url\": \"https://tshop.r10s.jp/backyard/cabinet/main06/onetouch140.jpg?downsize=120:*\",\"post_url\": \"https://room.rakuten.co.jp/mix?itemcode=backyard%3A10021616&scid=we_room_upc60\",\"ai_caption\": \"\",\"status\": \"未投稿\",\"item_description\": \"ミニボトル 水筒 140 通販 マグ ワンタッチ おしゃれ 大人 ミニ サイズ ワンタッチミニボトル 140ml 保冷 保温 ステンレスボトル アースカラー くすみカラー 水分補給 食事 服薬。ミニボトル 水筒 140 通販 マグ ワンタッチ おしゃれ 大人 ミニ サイズ ワンタッチミニボトル 140ml 保冷 保温 ステンレスボトル アースカラー くすみカラー 水分補給 食事 服薬 ロック機能付き マグボトル 大人用水筒｜BACKYARD FAMILY ママタウン\"},{\"id\": 1759273405296,\"index\": 30,\"timestamp\": \"2025-09-30T23:03:25.296Z\",\"page_url\": \"https://item.rakuten.co.jp/eemon/45402-2/\",\"image_url\": \"https://tshop.r10s.jp/eemon/cabinet/03289055/2022new/imgrc0087524081.jpg?downsize=300:*\",\"post_url\": \"https://room.rakuten.co.jp/mix?itemcode=eemon%3A10013995&scid=we_room_upc60\",\"ai_caption\": \"\",\"status\": \"未投稿\",\"item_description\": \"くすんだカラーがおしゃれなデザイン性の高いどんぶり椀 。どんぶり 丼 丼椀【1200ml】DONBURI 丼 電子レンジ対応 食洗機対応 お椀 汁椀 味噌汁椀 多様椀 日本製 くすみカラー 国産 茶碗 丸 乾漆 漆 食器 アイボリー ライトピンク カーキ ライトグレー ナチュラル 北欧 おしゃれ スタッキング スープボウル 大人 子供 TAKENAKA｜漆器とキッチン　祭りのええもん\"},{\"id\": 1759273407237,\"index\": 31,\"timestamp\": \"2025-09-30T23:03:27.237Z\",\"page_url\": \"https://item.rakuten.co.jp/touki-furusato/759265/\",\"image_url\": \"https://tshop.r10s.jp/touki-furusato/cabinet/2106sale/tokiwa/imgrc0071304374.jpg?downsize=400:*\",\"post_url\": \"https://room.rakuten.co.jp/mix?itemcode=touki-furusato%3A10020125&scid=we_room_upc60\",\"ai_caption\": \"\",\"status\": \"未投稿\",\"item_description\": \"手に馴染む光沢感と、\\n少し波打ったような表面の凹凸がナチュラルで魅力的。。＼クーポン配布中！／CAFE'S(カフェズ)プレートＭ ホワイト　直径17.6cm 丸皿 中皿 デザート皿 取り皿 アイボリー 北欧風 自然派 美濃焼 電子レンジOK 国産食器 SNS映え おしゃれ シンプル   陶器のふる里  trysカ｜陶器のふる里\"},{\"id\": 1759273408580,\"index\": 32,\"timestamp\": \"2025-09-30T23:03:28.580Z\",\"page_url\": \"https://item.rakuten.co.jp/zakkashop/41311/\",\"image_url\": \"https://tshop.r10s.jp/zakkashop/cabinet/imagebox55/41311-1.jpg?downsize=320:*\",\"post_url\": \"https://room.rakuten.co.jp/mix?itemcode=zakkashop%3A10018864&scid=we_room_upc60\",\"ai_caption\": \"\",\"status\": \"未投稿\",\"item_description\": \"レトロなテイストの花柄が可愛い♪1段のお弁当箱。容量600ml。電子レンジ・食洗機に対応しているので便利！上品なくすみカラーがおしゃれ♪毎日のランチタイムが楽しくなる♪。【10月1日はポイント最大10倍祭】サブヒロモリ ピアンタ 抗菌ワンタッチランチM 弁当箱 女子 大人 弁当箱 1段 600ml 日本製 ブルー グリーン イエロー 電子レンジ対応 食洗機対応 おしゃれ かわいい 仕切り付き 抗菌加工 パステルカラー くすみカラー レトロ 花柄｜雑貨ショップドットコム\"},{\"id\": 1759273409951,\"index\": 33,\"timestamp\": \"2025-09-30T23:03:29.951Z\",\"page_url\": \"https://item.rakuten.co.jp/willdo/22390/\",\"image_url\": \"https://tshop.r10s.jp/willdo/cabinet/04829744/22390.jpg?_ex=200x200&s=0&r=1\",\"post_url\": \"https://room.rakuten.co.jp/mix?itemcode=willdo%3A10002677&scid=we_room_upc60\",\"ai_caption\": \"\",\"status\": \"未投稿\",\"item_description\": \"くすみカラーの柔らかなテイストのカップ＆ソーサーです。。カップアンドソーサー マグカップ コーヒーカップ ティーカップ ソーサー カップソーサーセット 大人可愛い おしゃれ 陶器 食器 磁器 洋食器 食洗器対応 電子レンジ対応 プレゼント 母の日 結婚祝い 結婚記念日 キッチン用品 テーブルウエア 白 シンプル 200ml 美濃焼 日本製｜WillDo（生活雑貨ウィルドゥ）\"},{\"id\": 1759273411533,\"index\": 34,\"timestamp\": \"2025-09-30T23:03:31.533Z\",\"page_url\": \"https://item.rakuten.co.jp/r-e-zakkaya/070745080/\",\"image_url\": \"https://tshop.r10s.jp/r-e-zakkaya/cabinet/main070/070745080-r1.jpg?downsize=200:*\",\"post_url\": \"https://room.rakuten.co.jp/mix?itemcode=r-e-zakkaya%3A10625589&scid=we_room_upc60\",\"ai_caption\": \"\",\"status\": \"未投稿\",\"item_description\": \"【26cm】SNSで人気。天然木の質感を再現した木目調カレー皿＆パスタ皿。食洗器・電子レンジ対応の便利な樹脂製。軽くて、割れにくく、子供、お年寄りにも安心。。カレー皿 パスタ皿 北欧 楕円 オーバル 26cm 食器 食洗機対応 レンジ対応 抗菌加工 木目 お皿 深皿 カフェ風 軽い 軽量 スタッキング BPAフリー サラダ 皿 おしゃれ アースカラー くすみカラー 抗菌カレーパスタ皿｜ココチのくらし雑貨店\"},{\"id\": 1759273413629,\"index\": 35,\"timestamp\": \"2025-09-30T23:03:33.629Z\",\"page_url\": \"https://item.rakuten.co.jp/rakuten24/4973307584534/\",\"image_url\": \"https://tshop.r10s.jp/rakuten24/cabinet/534/4973307584534.jpg?_ex=200x200&s=0&r=1\",\"post_url\": \"https://room.rakuten.co.jp/mix?itemcode=rakuten24%3A11119543&scid=we_room_upc60\",\"ai_caption\": \"\",\"status\": \"未投稿\",\"item_description\": \"銀イオン抗菌ふわっと盛れる4点ロック2段弁当箱 600ml くすみカラーグリーン。銀イオン抗菌ふわっと盛れる4点ロック2段弁当箱 600ml くすみカラーグリーン(1個)｜楽天24\"},{\"id\": 1759273414365,\"index\": 36,\"timestamp\": \"2025-09-30T23:03:34.365Z\",\"page_url\": \"https://item.rakuten.co.jp/rakuten24/4973307584558/\",\"image_url\": \"https://tshop.r10s.jp/rakuten24/cabinet/558/4973307584558.jpg?_ex=200x200&s=0&r=1\",\"post_url\": \"https://room.rakuten.co.jp/mix?itemcode=rakuten24%3A11119545&scid=we_room_upc60\",\"ai_caption\": \"\",\"status\": \"未投稿\",\"item_description\": \"銀イオン抗菌ふわっと盛れる4点ロック2段弁当箱 600ml くすみカラーグレー。銀イオン抗菌ふわっと盛れる4点ロック2段弁当箱 600ml くすみカラーグレー(1個)｜楽天24\"},{\"id\": 1759273415913,\"index\": 37,\"timestamp\": \"2025-09-30T23:03:35.913Z\",\"page_url\": \"https://item.rakuten.co.jp/smilemarket/8-el/\",\"image_url\": \"https://tshop.r10s.jp/smilemarket/cabinet/kano/8-el.jpg?_ex=200x200&s=0&r=1\",\"post_url\": \"https://room.rakuten.co.jp/mix?itemcode=smilemarket%3A10013911&scid=we_room_upc60\",\"ai_caption\": \"\",\"status\": \"未投稿\",\"item_description\": \"抗菌ランチプレート プレート レッド/オリーブ/アイボリー/グレー/ダークブラウン。【P2倍★10/2 正午まで】食器 割れない 食洗機対応 抗菌加工 アースカラー くすみカラー 木目調【抗菌ランチプレート】プレート 仕切りプレート 仕切り皿 レンジ対応 軽い おしゃれ 可愛い 人気 おうちカフェ 新生活 アウトドア キャンプ 北欧｜Smileまーけっと\"},{\"id\": 1759273417336,\"index\": 38,\"timestamp\": \"2025-09-30T23:03:37.336Z\",\"page_url\": \"https://item.rakuten.co.jp/eto-company/ot_10854897/\",\"image_url\": \"https://tshop.r10s.jp/eto-company/cabinet/brand/oguratoki/2/imgrc0170202486.jpg?downsize=180:*\",\"post_url\": \"https://room.rakuten.co.jp/mix?itemcode=eto-company%3A10009973&scid=we_room_upc60\",\"ai_caption\": \"\",\"status\": \"未投稿\",\"item_description\": \"パーティー 食器 皿 大鉢 食器 陶器 マット釉 グレー サーモンピンク マスタード イエロー ストライプ キッチン テーブル ナチュラル 盛鉢 ヌードルボウル くすみカラー。【ゆっくり指定日割対象】THE VESSEL / ザ・ヴェセル　軽量 ラーメン鉢 麺鉢 丼ぶり【直径17cm】[単品／全5色]　[日本製／美濃焼]  電子レンジ使用可能 食洗機使用可能 軽量食器 北欧 カフェごはん おしゃれ シンプル かわいい ライン ボウル どんぶり ホワイト ミント｜Etocelect\"},{\"id\": 1759273419306,\"index\": 39,\"timestamp\": \"2025-09-30T23:03:39.306Z\",\"page_url\": \"https://item.rakuten.co.jp/sunny-style/t-2662/\",\"image_url\": \"https://tshop.r10s.jp/sunny-style/cabinet/interior4/t-2662-2a.jpg?downsize=400:*\",\"post_url\": \"https://room.rakuten.co.jp/mix?itemcode=sunny-style%3A10008339&scid=we_room_upc60\",\"ai_caption\": \"\",\"status\": \"未投稿\",\"item_description\": \"和食にも洋食にも。くすみカラーとザラっとした手触りが特徴のどんぶり。【ワンダフルデーP5倍】 DONBURI どんぶり 丼 器 食器 大きめ 割れない 丸 角 乾漆 日本製 竹中 おしゃれ 無地 シンプル 電子レンジ対応 食洗機対応 ラーメン うどん 親子丼｜ひだまり雑貨店　サニースタイル\"},{\"id\": 1759273422479,\"index\": 40,\"timestamp\": \"2025-09-30T23:03:42.479Z\",\"page_url\": \"https://item.rakuten.co.jp/karinhonpo2951/sr-182/\",\"image_url\": \"https://tshop.r10s.jp/karinhonpo2951/cabinet/sr/sr-182.jpg?downsize=300:*\",\"post_url\": \"https://room.rakuten.co.jp/mix?itemcode=karinhonpo2951%3A10010614&scid=we_room_upc60\",\"ai_caption\": \"\",\"status\": \"未投稿\",\"item_description\": \"温かな色彩が魅力の「EARTH」シリーズ。樹脂素材にウレタン塗装を施し、まるで本物の木製食器の質感を再現。食洗機・電子レンジ対応。日本製・抗菌仕様。 シンプル。皿 プレート 食洗機対応 電子レンジ対応 日本製 木目調 抗菌ランチプレート アースカラー くすみカラー 食器 抗菌加工 割れない 軽量 軽い 北欧 おしゃれ かわいい EARTH 木目 ランチプレート 丸 ラウンド スタッキング｜弁当箱＆キッチン 漆器かりん本舗\"},{\"id\": 1759273423629,\"index\": 41,\"timestamp\": \"2025-09-30T23:03:43.629Z\",\"page_url\": \"https://item.rakuten.co.jp/08felice/compass1603005555-1/\",\"image_url\": \"https://tshop.r10s.jp/08felice/cabinet/imgrc0125871414.jpg?_ex=200x200&s=0&r=1\",\"post_url\": \"https://room.rakuten.co.jp/mix?itemcode=08felice%3A10000314&scid=we_room_upc60\",\"ai_caption\": \"\",\"status\": \"未投稿\",\"item_description\": \"まるでカフェに居るようなおしゃれな器たち。SNSでも人気の食器。 皿 うつわ 陶器 陶磁器 美濃焼 日本製 オシャレ 喫茶店 洋風居酒屋 店舗 お店 かわいい きれい ギフト プレゼント 。楕円ボウル 【 Fiorire フィオリーレ オーバルボウル 】【 バーガンディ 】 パープル 紫 アンティーク風 カフェボウル サラダボウル スープボウル シリアルボウル 離乳食用食器 中鉢 洋食器 人気食器 料理写真 くすみカラー 食洗機対応 電子レンジ対応｜陶器と雑貨のお店　Felice\"},{\"id\": 1759273425693,\"index\": 42,\"timestamp\": \"2025-09-30T23:03:45.693Z\",\"page_url\": \"https://item.rakuten.co.jp/miyoshi-ya/my-23001/\",\"image_url\": \"https://tshop.r10s.jp/miyoshi-ya/cabinet/item8/my-23001_01.jpg?downsize=300:*\",\"post_url\": \"https://room.rakuten.co.jp/mix?itemcode=miyoshi-ya%3A10153253&scid=we_room_upc60\",\"ai_caption\": \"\",\"status\": \"未投稿\",\"item_description\": \"小学生から大人まで使えるお弁当用携帯お箸、スプーンのセット。コンビセット お箸 スプーン セット ケース付き 18cm ミッキーマウス ディズニー お箸セット 携帯用カトラリー 箸箱 ケース 携帯用 おはし お弁当用 かわいい おしゃれ くすみカラー 山中塗り 抗菌 食洗機対応木製箸 大人 中学生 子供 はし箱｜ホーム＆キッチン みよし漆器本舗\"},{\"id\": 1759273427680,\"index\": 43,\"timestamp\": \"2025-09-30T23:03:47.680Z\",\"page_url\": \"https://item.rakuten.co.jp/kitchengoods-bell/10073-rm-003/\",\"image_url\": \"https://tshop.r10s.jp/kitchengoods-bell/cabinet/item/10073/rm-003-01.jpg?downsize=430:*\",\"post_url\": \"https://room.rakuten.co.jp/mix?itemcode=kitchengoods-bell%3A10012594&scid=we_room_upc60\",\"ai_caption\": \"\",\"status\": \"未投稿\",\"item_description\": \"毎日の食卓に使えるレースのレリーフがおしゃれなお皿。食器 大皿 レース リムプレート L 23.5cm 皿 おしゃれ かわいい プレート パスタ皿 ディナー皿 ワンプレート 洋皿 洋食器 日本製 美濃焼｜みのさらら\"},{\"id\": 1759273429002,\"index\": 44,\"timestamp\": \"2025-09-30T23:03:49.002Z\",\"page_url\": \"https://item.rakuten.co.jp/ccstyle-plus/n3971500/\",\"image_url\": \"https://tshop.r10s.jp/ccstyle-plus/cabinet/renew/kids/lcloth/n3971500_001.jpg?_ex=440x440&s=0&r=1\",\"post_url\": \"https://room.rakuten.co.jp/mix?itemcode=ccstyle-plus%3A10051909&scid=we_room_upc60\",\"ai_caption\": \"\",\"status\": \"未投稿\",\"item_description\": \"カラフルキャンディスタイル 小学校 小学生。【1日限定10％OFF】ランチクロス 給食ナフキン 45cm×45cm 2枚セット くすみピンク くすみカラー くすみ無地 子供用 ナフキン 小学校 ランチョンマット 給食 ランチクロス お弁当包み 給食 ランチマット おしゃれ 小学生 小学校｜COLORFUL CANDY STYLE plus\"},{\"id\": 1759273429930,\"index\": 45,\"timestamp\": \"2025-09-30T23:03:49.930Z\",\"page_url\": \"https://item.rakuten.co.jp/ccstyle/n3971100/\",\"image_url\": \"https://tshop.r10s.jp/ccstyle/cabinet/renew/kids/lcloth/n3971100_001.jpg?_ex=400x400&s=0&r=1\",\"post_url\": \"https://room.rakuten.co.jp/mix?itemcode=ccstyle%3A10066786&scid=we_room_upc60\",\"ai_caption\": \"\",\"status\": \"未投稿\",\"item_description\": \"カラフルキャンディスタイル 小学校 小学生。ランチクロス 給食ナフキン 45cm×45cm 2枚セット グレイッシュブルー くすみカラー くすみ無地 子供用 ナフキン 小学校 ランチョンマット 給食 ランチクロス お弁当包み 給食 ランチマット おしゃれ 小学生 小学校｜COLORFUL CANDY STYLE\"}]"}}