{"options":{"check_for_updates":true,"user_modified":1759190618991,"comment":null,"compatopts_for_requires":true,"compat_wrappedjsobject":false,"compat_metadata":false,"compat_foreach":false,"compat_powerful_this":null,"sandbox":null,"noframes":null,"unwrap":null,"run_at":null,"run_in":null,"tags":[],"override":{"use_includes":[],"orig_includes":[],"merge_includes":true,"use_matches":[],"orig_matches":["https://item.rakuten.co.jp/*"],"merge_matches":true,"use_excludes":[],"orig_excludes":[],"merge_excludes":true,"use_connects":[],"orig_connects":[],"merge_connects":true,"use_blockers":[],"orig_run_at":"document-idle","orig_run_in":[],"orig_noframes":null,"orig_tags":[]}},"settings":{"enabled":true,"position":8},"meta":{"name":"Rakuten 商品ページ 自動スクロール＋ボタン（読み込み待ち対応）","uuid":"dfe6da0c-cb8c-4730-bafa-f4d9b3e86a72","modified":1759190618988}}