{"options":{"check_for_updates":true,"user_modified":1759127804268,"comment":null,"compatopts_for_requires":true,"compat_wrappedjsobject":false,"compat_metadata":false,"compat_foreach":false,"compat_powerful_this":null,"sandbox":null,"noframes":null,"unwrap":null,"run_at":null,"run_in":null,"tags":[],"override":{"use_includes":[],"orig_includes":[],"merge_includes":true,"use_matches":[],"orig_matches":["https://room.rakuten.co.jp/search/item*"],"merge_matches":true,"use_excludes":[],"orig_excludes":[],"merge_excludes":true,"use_connects":[],"orig_connects":[],"merge_connects":true,"use_blockers":[],"orig_run_at":"document-idle","orig_run_in":[],"orig_noframes":null,"orig_tags":[]}},"settings":{"enabled":false,"position":7},"meta":{"name":"☆Rakuten ROOM 画像上チェックボックス　JSON化正式版","uuid":"869890dd-c6ee-4a92-be31-fc94fd31ab5d","modified":1759127804267}}