{"options":{"check_for_updates":true,"user_modified":1759127776712,"comment":null,"compatopts_for_requires":true,"compat_wrappedjsobject":false,"compat_metadata":false,"compat_foreach":false,"compat_powerful_this":null,"sandbox":null,"noframes":null,"unwrap":null,"run_at":null,"run_in":null,"tags":[],"override":{"use_includes":[],"orig_includes":[],"merge_includes":true,"use_matches":[],"orig_matches":["https://room.rakuten.co.jp/search/item*"],"merge_matches":true,"use_excludes":[],"orig_excludes":[],"merge_excludes":true,"use_connects":[],"orig_connects":[],"merge_connects":true,"use_blockers":[],"orig_run_at":"document-idle","orig_run_in":[],"orig_noframes":null,"orig_tags":[]}},"settings":{"enabled":true,"position":6},"meta":{"name":"☆Rakuten ROOM 画像上チェックボックス＋ランダムチェック＋解除＋まとめて開く（開く正式版）","uuid":"759b2d5d-03d7-47e0-a121-82528cdd8045","modified":1759127776707}}