{"options":{"check_for_updates":true,"user_modified":1759282497961,"comment":null,"compatopts_for_requires":true,"compat_wrappedjsobject":false,"compat_metadata":false,"compat_foreach":false,"compat_powerful_this":null,"sandbox":null,"noframes":null,"unwrap":null,"run_at":null,"run_in":null,"tags":[],"override":{"use_includes":[],"orig_includes":[],"merge_includes":true,"use_matches":[],"orig_matches":["https://search.rakuten.co.jp/search/mall/*"],"merge_matches":true,"use_excludes":[],"orig_excludes":[],"merge_excludes":true,"use_connects":["rakuten.co.jp"],"orig_connects":[],"merge_connects":true,"use_blockers":[],"orig_run_at":"document-idle","orig_run_in":[],"orig_noframes":null,"orig_tags":[]}},"settings":{"enabled":true,"position":10},"meta":{"name":"楽天市場 画像リンクまとめて取得（クリップボードコピー版）","uuid":"5160e6a2-06ae-4b19-9cb6-ede9c66f8862","modified":1759282497960}}