{"options":{"check_for_updates":true,"user_modified":1759219518482,"comment":null,"compatopts_for_requires":true,"compat_wrappedjsobject":false,"compat_metadata":false,"compat_foreach":false,"compat_powerful_this":null,"sandbox":null,"noframes":null,"unwrap":null,"run_at":null,"run_in":null,"tags":[],"override":{"use_includes":[],"orig_includes":[],"merge_includes":true,"use_matches":[],"orig_matches":["https://search.rakuten.co.jp/search/mall/*"],"merge_matches":true,"use_excludes":[],"orig_excludes":[],"merge_excludes":true,"use_connects":[],"orig_connects":[],"merge_connects":true,"use_blockers":[],"orig_run_at":"document-idle","orig_run_in":[],"orig_noframes":null,"orig_tags":[]}},"settings":{"enabled":false,"position":9},"meta":{"name":"楽天市場 画像リンクまとめて開く（右上ボタン＆大きめチェック）","uuid":"41eb2b4a-1dc3-4b7b-bd5d-41ab9d6166c3","modified":1759219518479}}